{
  "timestamp": "2025-10-13T10:48:45.606906Z",
  "images_evaluated": 2844,
  "miou_class_mean_21": 67.96828887606382,
  "dice_class_mean_21": 80.4007697351142,
  "recall_class_mean_21": 77.26628387845813,
  "precision_class_mean_21": 84.63456853822345,
  "mean_accuracy": 77.26628387845813,
  "cohens_kappa": 0.7920272449402233,
  "bf_score_mean": 51.835151998044864
}