{
  "timestamp": "2025-10-13T11:36:06.758846Z",
  "images_evaluated": 2844,
  "miou_class_mean_21": 68.07842672555446,
  "dice_class_mean_21": 80.47393815153934,
  "recall_class_mean_21": 77.28968064245004,
  "precision_class_mean_21": 84.79172963024037,
  "mean_accuracy": 77.28968064245004,
  "cohens_kappa": 0.7916600723509206,
  "bf_score_mean": 52.13116769382699
}